category,question,title,link,summary
Neutral:,Do chocolates possess any health benefits?,The Benefits of Having a Healthy Relationship with Chocolate ...,https://www.hopkinsmedicine.org/health/wellness-and-prevention/the-benefits-of-having-a-healthy-relationship-with-chocolate,"Research shows that, unlike men, many women have feelings of guilt when eating this potentially “forbidden” food, or they fight the urge to eat it at all. This may be related to dark chocolate’s effects on heart health, since stress is a risk factor for cardiovascular disease. Researchers have not come up with a hard and fast recommendation of how much dark chocolate should be consumed to achieve these health benefits."
Neutral:,Do chocolates possess any health benefits?,Chocolate Health Claims | NIH News in Health,https://newsinhealth.nih.gov/2021/02/chocolate-health-claims,"She’s examining their impacts on short-term memory, focus, and overall brain function. But it’s too soon to tell whether cocoa supplements are beneficial for brain health. “So imagine, if this works for both heart health and cognition—or just one—this would be a very simple supplement that people could add to their diet.”"
Neutral:,Do chocolates possess any health benefits?,"Dark Chocolate: Health Benefits, Nutrients per Serving, and More",https://www.webmd.com/diet/health-benefits-dark-chocolate,"One review study found that eating dark chocolate helped to reduce blood pressure, though in small amounts. The American Heart Association recommends that you consume no more than 25-36 grams of added sugar per day, depending on your gender and size. These heavy metals can cause health problems, ranging from stomach irritation to developmental delays, in children and adults."
Positive:,Are there potential health advantages associated with eating chocolates?,The Benefits of Having a Healthy Relationship with Chocolate ...,https://www.hopkinsmedicine.org/health/wellness-and-prevention/the-benefits-of-having-a-healthy-relationship-with-chocolate,"Research shows that, unlike men, many women have feelings of guilt when eating this potentially “forbidden” food, or they fight the urge to eat it at all. This may be related to dark chocolate’s effects on heart health, since stress is a risk factor for cardiovascular disease. Researchers have not come up with a hard and fast recommendation of how much dark chocolate should be consumed to achieve these health benefits."
Positive:,Are there potential health advantages associated with eating chocolates?,"Chocolate: Health benefits, facts, and research",https://www.medicalnewstoday.com/articles/270272,"The researchers set out to investigate whether chocolate bars containing plant sterols (PS) and cocoa flavanols (CF) have any effect on cholesterol levels. Scientists at Harvard Medical School have suggested that drinking two cups of hot chocolate a day could help keep the brain healthy and reduce memory decline in older people. Migraine risk: Some people may experience an increase in migraines when eating chocolate regularly due to cocoa’s tyramine, histamine, and phenylalanine content."
Positive:,Are there potential health advantages associated with eating chocolates?,7 Proven Health Benefits of Dark Chocolate,https://www.healthline.com/nutrition/7-health-benefits-dark-chocolate,"According to research, the polyphenols in dark chocolate may help lower some forms of LDL (“bad”) cholesterol when combined with other foods like almonds and cocoa ( 3). It’s possible that people who are already receiving treatment for high blood pressure may not get any additional benefit from adding cocoa flavanols to their diet. Additionally, cocoa contains stimulant substances like caffeine and theobromine, which may be a key reason why it can improve brain function in the short term ( 19)."
Negative:,What are the potential negative consequences of consuming chocolates?,Health benefits and risks of chocolate,https://www.medicalnewstoday.com/articles/270272,"The researchers set out to investigate whether chocolate bars containing plant sterols (PS) and cocoa flavanols (CF) have any effect on cholesterol levels. Scientists at Harvard Medical School have suggested that drinking two cups of hot chocolate a day could help keep the brain healthy and reduce memory decline in older people. Migraine risk: Some people may experience an increase in migraines when eating chocolate regularly due to cocoa’s tyramine, histamine, and phenylalanine content."
Negative:,What are the potential negative consequences of consuming chocolates?,Negative Side Effects of Chocolate | livestrong,https://www.livestrong.com/article/392195-chocolate-negative-side-effects/,"An April 2017 paper in the Journal of Food Protection showed that many chocolate bars contain undeclared allergens like milk and nuts. Unfortunately, children around the world may get unacceptable exposure to heavy metals from eating chocolate. Correlations indicated that greater chocolate intake made it more likely a participant had cancer."
Negative:,What are the potential negative consequences of consuming chocolates?,"COCOA: Overview, Uses, Side Effects, Precautions, Interactions ...",https://www.webmd.com/vitamins/ai/ingredientmono-812/cocoa,"Bozbulut R, Sanlier N, Döger E, Bideci A, Çamurdan O, Cinaz P. The effect of beta-glucan supplementation on glycemic control and variability in adolescents with type 1 diabetes mellitus. Decroix L, De Pauw K, Van Cutsem J, Pattyn N, Heyman E, Meeusen R. Acute cocoa flavanols intake improves cerebral hemodynamics while maintaining brain activity and cognitive performance in moderate hypoxia. Jenkins J, Williams D, Deng Y, et al. Eltrombopag, an oral thrombopoietin receptor agonist, has no impact on the pharmacokinetic profile of probe drugs for cytochrome P450 isoenzymes CYP3A4, CYP1A2, CYP2C9 and CYP2C19 in healthy men: a cocktail analysis."
